exp_id,fish_id,t,x,y,timestep,x_translated,y_translated,u,v,u_translated,v_translated
338,1,0.76,0.1152,0.064,0,1.1152,1.064,0.7071067811865476,0.7071067811865476,0.7071067811865476,0.7071067811865476
338,1,1.64,0.0951,0.1418,1,1.0951,1.1418,0.7071067811865476,0.7071067811865476,0.7071067811865476,0.7071067811865476
338,1,2.68,0.0704,0.1635,2,1.0704,1.1635,0.7071067811865476,0.7071067811865476,0.7071067811865476,0.7071067811865476
338,1,3.68,-0.0681,0.0602,3,0.9319,1.0602,0.7071067811865476,0.7071067811865476,0.7071067811865476,0.7071067811865476
338,1,5.52,-0.1409,-0.079,4,0.8591,0.921,-0.7071067811865475,-0.7071067811865476,-0.7071067811865475,-0.7071067811865476
338,1,6.36,-0.0666,-0.1291,5,0.9334,0.8709,-0.7071067811865475,-0.7071067811865476,-0.7071067811865475,-0.7071067811865476
338,1,6.84,-0.0034,-0.1314,6,0.9966,0.8686,-0.7071067811865475,-0.7071067811865476,-0.7071067811865475,-0.7071067811865476
338,1,7.76,0.0847,-0.0962,7,1.0847,0.9038,-0.7071067811865475,-0.7071067811865476,-0.7071067811865475,-0.7071067811865476
338,1,9.52,0.1666,-0.0873,8,1.1666,0.9127,0.7071067811865476,0.7071067811865476,0.7071067811865476,0.7071067811865476
338,1,10.24,0.1643,-0.0855,9,1.1643,0.9145,0.7071067811865476,0.7071067811865476,0.7071067811865476,0.7071067811865476
338,1,11.16,0.1633,-0.084,10,1.1633,0.916,-0.7071067811865475,-0.7071067811865476,-0.7071067811865475,-0.7071067811865476
338,1,11.6,0.1649,-0.1008,11,1.1649,0.8992,0.7071067811865476,0.7071067811865476,0.7071067811865476,0.7071067811865476
338,1,11.96,0.1607,-0.1275,12,1.1607,0.8725,0.7071067811865476,0.7071067811865476,0.7071067811865476,0.7071067811865476
338,1,14.04,-0.155,-0.1435,13,0.845,0.8565,0.7071067811865476,0.7071067811865476,0.7071067811865476,0.7071067811865476
338,1,15.08,-0.1781,-0.035,14,0.8219,0.965,-0.7071067811865475,-0.7071067811865476,-0.7071067811865475,-0.7071067811865476
338,1,15.56,-0.1576,0.0202,15,0.8424,1.0202,-0.7071067811865475,-0.7071067811865476,-0.7071067811865475,-0.7071067811865476
338,1,16.0,-0.1182,0.0631,16,0.8818,1.0631,-0.7071067811865475,-0.7071067811865476,-0.7071067811865475,-0.7071067811865476
338,1,17.16,-0.0172,0.1038,17,0.9828,1.1038000000000001,-0.7071067811865475,-0.7071067811865476,-0.7071067811865475,-0.7071067811865476
338,1,18.8,0.0609,0.0626,18,1.0609,1.0626,0.7071067811865476,0.7071067811865476,0.7071067811865476,0.7071067811865476
338,1,19.44,-0.0078,-0.0084,19,0.9922,0.9916,0.7071067811865476,0.7071067811865476,0.7071067811865476,0.7071067811865476
338,1,21.24,-0.1635,-0.1513,20,0.8365,0.8487,0.7071067811865476,0.7071067811865476,0.7071067811865476,0.7071067811865476
338,1,22.68,-0.2359,-0.0315,21,0.7641,0.9685,-0.7071067811865475,-0.7071067811865476,-0.7071067811865475,-0.7071067811865476
338,1,23.24,-0.22,0.0304,22,0.78,1.0304,-0.7071067811865475,-0.7071067811865476,-0.7071067811865475,-0.7071067811865476
338,1,23.76,-0.2166,0.1049,23,0.7834,1.1049,-0.7071067811865475,-0.7071067811865476,-0.7071067811865475,-0.7071067811865476
338,1,24.28,-0.1769,0.137,24,0.8230999999999999,1.137,-0.7071067811865475,-0.7071067811865476,-0.7071067811865475,-0.7071067811865476
338,1,25.8,-0.1189,0.2037,25,0.8811,1.2037,-0.7071067811865475,-0.7071067811865476,-0.7071067811865475,-0.7071067811865476
338,1,27.28,-0.0441,0.2138,26,0.9559,1.2138,0.7071067811865476,0.7071067811865476,0.7071067811865476,0.7071067811865476
338,1,28.36,-0.1279,0.1226,27,0.8721,1.1226,0.7071067811865476,0.7071067811865476,0.7071067811865476,0.7071067811865476
338,1,29.32,-0.2445,0.0005,28,0.7555000000000001,1.0005,-0.7071067811865475,-0.7071067811865476,-0.7071067811865475,-0.7071067811865476
338,1,30.0,-0.2377,-0.078,29,0.7623,0.922,-0.7071067811865475,-0.7071067811865476,-0.7071067811865475,-0.7071067811865476
338,1,30.68,-0.2023,-0.119,30,0.7977,0.881,-0.7071067811865475,-0.7071067811865476,-0.7071067811865475,-0.7071067811865476
338,1,31.2,-0.1802,-0.1691,31,0.8198,0.8309,-0.7071067811865475,-0.7071067811865476,-0.7071067811865475,-0.7071067811865476
338,1,31.96,-0.1329,-0.2141,32,0.8671,0.7859,-0.7071067811865475,-0.7071067811865476,-0.7071067811865475,-0.7071067811865476
338,1,33.6,0.0597,-0.174,33,1.0597,0.8260000000000001,-0.7071067811865475,-0.7071067811865476,-0.7071067811865475,-0.7071067811865476
338,1,34.68,0.1868,-0.0839,34,1.1868,0.9161,0.7071067811865476,0.7071067811865476,0.7071067811865476,0.7071067811865476
338,1,36.32,0.1254,0.0877,35,1.1254,1.0877,0.7071067811865476,0.7071067811865476,0.7071067811865476,0.7071067811865476
338,1,37.52,0.1138,0.138,36,1.1138,1.138,0.7071067811865476,0.7071067811865476,0.7071067811865476,0.7071067811865476
338,1,38.24,0.0322,0.1612,37,1.0322,1.1612,0.7071067811865476,0.7071067811865476,0.7071067811865476,0.7071067811865476
338,1,39.08,-0.0889,0.1432,38,0.9111,1.1432,0.7071067811865476,0.7071067811865476,0.7071067811865476,0.7071067811865476
338,1,40.4,-0.1865,0.0832,39,0.8135,1.0832,0.7071067811865476,0.7071067811865476,0.7071067811865476,0.7071067811865476
338,1,40.92,-0.2074,0.0752,40,0.7926,1.0752,-0.7071067811865475,-0.7071067811865476,-0.7071067811865475,-0.7071067811865476
338,1,42.2,-0.1902,-0.1493,41,0.8098,0.8507,-0.7071067811865475,-0.7071067811865476,-0.7071067811865475,-0.7071067811865476
338,1,42.8,-0.1259,-0.1922,42,0.8741,0.8078,-0.7071067811865475,-0.7071067811865476,-0.7071067811865475,-0.7071067811865476
338,1,44.2,0.0536,-0.2105,43,1.0536,0.7895,-0.7071067811865475,-0.7071067811865476,-0.7071067811865475,-0.7071067811865476
338,1,45.24,0.1568,-0.1297,44,1.1568,0.8703,-0.7071067811865475,-0.7071067811865476,-0.7071067811865475,-0.7071067811865476
338,1,46.08,0.1891,-0.0752,45,1.1891,0.9248,-0.7071067811865475,-0.7071067811865476,-0.7071067811865475,-0.7071067811865476
338,1,47.2,0.2124,0.0505,46,1.2124,1.0505,0.7071067811865476,0.7071067811865476,0.7071067811865476,0.7071067811865476
338,1,49.36,0.1298,0.1666,47,1.1298,1.1666,0.7071067811865476,0.7071067811865476,0.7071067811865476,0.7071067811865476
338,1,50.68,0.1283,0.1724,48,1.1283,1.1724,0.7071067811865476,0.7071067811865476,0.7071067811865476,0.7071067811865476
338,1,51.44,-0.0761,0.1329,49,0.9238999999999999,1.1329,0.7071067811865476,0.7071067811865476,0.7071067811865476,0.7071067811865476
338,1,52.2,-0.1987,0.0171,50,0.8013,1.0171,-0.7071067811865475,-0.7071067811865476,-0.7071067811865475,-0.7071067811865476
338,1,53.12,-0.1795,-0.15,51,0.8205,0.85,-0.7071067811865475,-0.7071067811865476,-0.7071067811865475,-0.7071067811865476
338,1,54.2,0.0301,-0.2053,52,1.0301,0.7947,-0.7071067811865475,-0.7071067811865476,-0.7071067811865475,-0.7071067811865476
338,1,55.04,0.1414,-0.1523,53,1.1414,0.8477,-0.7071067811865475,-0.7071067811865476,-0.7071067811865475,-0.7071067811865476
338,1,56.88,0.2077,-0.0181,54,1.2077,0.9819,-0.7071067811865475,-0.7071067811865476,-0.7071067811865475,-0.7071067811865476
338,1,57.44,0.2087,-0.0205,55,1.2086999999999999,0.9795,0.0,0.0,0.0,0.0
338,2,0.76,-0.0027,-0.0633,0,0.9973,0.9367,-0.7071067811865475,-0.7071067811865476,-0.7071067811865475,-0.7071067811865476
338,2,1.64,0.007,0.0715,1,1.007,1.0715,0.7071067811865476,0.7071067811865476,0.7071067811865476,0.7071067811865476
338,2,2.68,-0.0237,0.1502,2,0.9763,1.1502,0.7071067811865476,0.7071067811865476,0.7071067811865476,0.7071067811865476
338,2,3.68,-0.1732,0.0402,3,0.8268,1.0402,-0.7071067811865475,-0.7071067811865476,-0.7071067811865475,-0.7071067811865476
338,2,5.52,-0.0855,-0.1648,4,0.9145,0.8351999999999999,-0.7071067811865475,-0.7071067811865476,-0.7071067811865475,-0.7071067811865476
338,2,6.36,-0.0499,-0.186,5,0.9501,0.8140000000000001,-0.7071067811865475,-0.7071067811865476,-0.7071067811865475,-0.7071067811865476
338,2,6.84,0.0404,-0.1589,6,1.0404,0.8411,-0.7071067811865475,-0.7071067811865476,-0.7071067811865475,-0.7071067811865476
338,2,7.76,0.1328,-0.1234,7,1.1328,0.8766,-0.7071067811865475,-0.7071067811865476,-0.7071067811865475,-0.7071067811865476
338,2,9.52,0.1345,-0.1615,8,1.1345,0.8385,0.7071067811865476,0.7071067811865476,0.7071067811865476,0.7071067811865476
338,2,10.24,0.1126,-0.1622,9,1.1126,0.8378,0.7071067811865476,0.7071067811865476,0.7071067811865476,0.7071067811865476
338,2,11.16,0.091,-0.1743,10,1.091,0.8257,0.7071067811865476,0.7071067811865476,0.7071067811865476,0.7071067811865476
338,2,11.6,0.0888,-0.1768,11,1.0888,0.8231999999999999,0.7071067811865476,0.7071067811865476,0.7071067811865476,0.7071067811865476
338,2,11.96,0.087,-0.1768,12,1.087,0.8231999999999999,0.7071067811865476,0.7071067811865476,0.7071067811865476,0.7071067811865476
338,2,14.04,-0.1704,-0.0088,13,0.8296,0.9912,-0.7071067811865475,-0.7071067811865476,-0.7071067811865475,-0.7071067811865476
338,2,15.08,-0.0792,0.1184,14,0.9208,1.1184,-0.7071067811865475,-0.7071067811865476,-0.7071067811865475,-0.7071067811865476
338,2,15.56,-0.0166,0.1503,15,0.9834,1.1503,-0.7071067811865475,-0.7071067811865476,-0.7071067811865475,-0.7071067811865476
338,2,16.0,0.0159,0.1656,16,1.0159,1.1656,-0.7071067811865475,-0.7071067811865476,-0.7071067811865475,-0.7071067811865476
338,2,17.16,0.1297,0.0891,17,1.1297,1.0891,-0.7071067811865475,-0.7071067811865476,-0.7071067811865475,-0.7071067811865476
338,2,18.8,0.2212,0.0463,18,1.2212,1.0463,0.7071067811865476,0.7071067811865476,0.7071067811865476,0.7071067811865476
338,2,19.44,0.1581,-0.0312,19,1.1581,0.9688,0.7071067811865476,0.7071067811865476,0.7071067811865476,0.7071067811865476
338,2,21.24,-0.0796,-0.1337,20,0.9204,0.8663,0.7071067811865476,0.7071067811865476,0.7071067811865476,0.7071067811865476
338,2,22.68,-0.1844,0.0627,21,0.8156,1.0627,-0.7071067811865475,-0.7071067811865476,-0.7071067811865475,-0.7071067811865476
338,2,23.24,-0.1594,0.1244,22,0.8406,1.1244,-0.7071067811865475,-0.7071067811865476,-0.7071067811865475,-0.7071067811865476
338,2,23.76,-0.1482,0.1427,23,0.8518,1.1427,-0.7071067811865475,-0.7071067811865476,-0.7071067811865475,-0.7071067811865476
338,2,24.28,-0.1251,0.1574,24,0.8749,1.1574,-0.7071067811865475,-0.7071067811865476,-0.7071067811865475,-0.7071067811865476
338,2,25.8,-0.003,0.2011,25,0.997,1.2011,-0.7071067811865475,-0.7071067811865476,-0.7071067811865475,-0.7071067811865476
338,2,27.28,0.0924,0.1693,26,1.0924,1.1693,0.7071067811865476,0.7071067811865476,0.7071067811865476,0.7071067811865476
338,2,28.36,-0.0991,0.0649,27,0.9009,1.0649,0.7071067811865476,0.7071067811865476,0.7071067811865476,0.7071067811865476
338,2,29.32,-0.1758,0.022,28,0.8242,1.022,-0.7071067811865475,-0.7071067811865476,-0.7071067811865475,-0.7071067811865476
338,2,30.0,-0.1674,-0.1039,29,0.8326,0.8961,-0.7071067811865475,-0.7071067811865476,-0.7071067811865475,-0.7071067811865476
338,2,30.68,-0.146,-0.1662,30,0.854,0.8338,-0.7071067811865475,-0.7071067811865476,-0.7071067811865475,-0.7071067811865476
338,2,31.2,-0.1223,-0.185,31,0.8777,0.815,-0.7071067811865475,-0.7071067811865476,-0.7071067811865475,-0.7071067811865476
338,2,31.96,-0.0623,-0.1912,32,0.9377,0.8088,-0.7071067811865475,-0.7071067811865476,-0.7071067811865475,-0.7071067811865476
338,2,33.6,0.1383,-0.1044,33,1.1383,0.8956,-0.7071067811865475,-0.7071067811865476,-0.7071067811865475,-0.7071067811865476
338,2,34.68,0.1769,-0.0205,34,1.1769,0.9795,0.7071067811865476,0.7071067811865476,0.7071067811865476,0.7071067811865476
338,2,36.32,0.0941,0.161,35,1.0941,1.161,0.7071067811865476,0.7071067811865476,0.7071067811865476,0.7071067811865476
338,2,37.52,0.0331,0.1932,36,1.0331,1.1932,0.7071067811865476,0.7071067811865476,0.7071067811865476,0.7071067811865476
338,2,38.24,-0.0297,0.1987,37,0.9703,1.1987,0.7071067811865476,0.7071067811865476,0.7071067811865476,0.7071067811865476
338,2,39.08,-0.0522,0.2038,38,0.9478,1.2038,0.7071067811865476,0.7071067811865476,0.7071067811865476,0.7071067811865476
338,2,40.4,-0.1297,0.1788,39,0.8703,1.1788,0.7071067811865476,0.7071067811865476,0.7071067811865476,0.7071067811865476
338,2,40.92,-0.1807,0.1419,40,0.8193,1.1419,0.7071067811865476,0.7071067811865476,0.7071067811865476,0.7071067811865476
338,2,42.2,-0.2045,-0.0204,41,0.7955,0.9796,-0.7071067811865475,-0.7071067811865476,-0.7071067811865475,-0.7071067811865476
338,2,42.8,-0.1709,-0.1098,42,0.8291,0.8902,-0.7071067811865475,-0.7071067811865476,-0.7071067811865475,-0.7071067811865476
338,2,44.2,0.0186,-0.1846,43,1.0186,0.8154,-0.7071067811865475,-0.7071067811865476,-0.7071067811865475,-0.7071067811865476
338,2,45.24,0.089,-0.111,44,1.089,0.889,-0.7071067811865475,-0.7071067811865476,-0.7071067811865475,-0.7071067811865476
338,2,46.08,0.1316,0.0013,45,1.1316,1.0013,0.7071067811865476,0.7071067811865476,0.7071067811865476,0.7071067811865476
338,2,47.2,0.1157,0.1213,46,1.1157,1.1213,0.7071067811865476,0.7071067811865476,0.7071067811865476,0.7071067811865476
338,2,49.36,-0.0242,0.1396,47,0.9758,1.1396,0.7071067811865476,0.7071067811865476,0.7071067811865476,0.7071067811865476
338,2,50.68,-0.0621,0.1701,48,0.9379,1.1701,0.7071067811865476,0.7071067811865476,0.7071067811865476,0.7071067811865476
338,2,51.44,-0.1149,0.1492,49,0.8851,1.1492,0.7071067811865476,0.7071067811865476,0.7071067811865476,0.7071067811865476
338,2,52.2,-0.1976,0.0703,50,0.8024,1.0703,0.7071067811865476,0.7071067811865476,0.7071067811865476,0.7071067811865476
338,2,53.12,-0.2016,-0.0331,51,0.7984,0.9669,-0.7071067811865475,-0.7071067811865476,-0.7071067811865475,-0.7071067811865476
338,2,54.2,-0.1617,-0.1059,52,0.8383,0.8941,-0.7071067811865475,-0.7071067811865476,-0.7071067811865475,-0.7071067811865476
338,2,55.04,-0.0295,-0.1559,53,0.9705,0.8441,-0.7071067811865475,-0.7071067811865476,-0.7071067811865475,-0.7071067811865476
338,2,56.88,0.1701,-0.0177,54,1.1701,0.9823,-0.7071067811865475,-0.7071067811865476,-0.7071067811865475,-0.7071067811865476
338,2,57.44,0.1819,0.0128,55,1.1819,1.0128,0.0,0.0,0.0,0.0
338,3,0.76,0.0354,0.0242,0,1.0354,1.0242,0.7071067811865476,0.7071067811865476,0.7071067811865476,0.7071067811865476
338,3,1.64,0.0108,0.1547,1,1.0108,1.1547,0.7071067811865476,0.7071067811865476,0.7071067811865476,0.7071067811865476
338,3,2.68,-0.0519,0.2166,2,0.9480999999999999,1.2166,0.7071067811865476,0.7071067811865476,0.7071067811865476,0.7071067811865476
338,3,3.68,-0.1917,0.1068,3,0.8083,1.1068,-0.7071067811865475,-0.7071067811865476,-0.7071067811865475,-0.7071067811865476
338,3,5.52,-0.1681,-0.1242,4,0.8319,0.8758,-0.7071067811865475,-0.7071067811865476,-0.7071067811865475,-0.7071067811865476
338,3,6.36,-0.0845,-0.1683,5,0.9155,0.8317,-0.7071067811865475,-0.7071067811865476,-0.7071067811865475,-0.7071067811865476
338,3,6.84,-0.0353,-0.1737,6,0.9647,0.8263,-0.7071067811865475,-0.7071067811865476,-0.7071067811865475,-0.7071067811865476
338,3,7.76,0.0549,-0.1832,7,1.0549,0.8168,-0.7071067811865475,-0.7071067811865476,-0.7071067811865475,-0.7071067811865476
338,3,9.52,0.0948,-0.1771,8,1.0948,0.8229,0.7071067811865476,0.7071067811865476,0.7071067811865476,0.7071067811865476
338,3,10.24,0.0853,-0.1755,9,1.0853,0.8245,0.7071067811865476,0.7071067811865476,0.7071067811865476,0.7071067811865476
338,3,11.16,0.0733,-0.1763,10,1.0733,0.8237,0.7071067811865476,0.7071067811865476,0.7071067811865476,0.7071067811865476
338,3,11.6,0.0683,-0.204,11,1.0683,0.796,0.7071067811865476,0.7071067811865476,0.7071067811865476,0.7071067811865476
338,3,11.96,0.0481,-0.2196,12,1.0481,0.7804,0.7071067811865476,0.7071067811865476,0.7071067811865476,0.7071067811865476
338,3,14.04,-0.2252,0.0062,13,0.7747999999999999,1.0062,-0.7071067811865475,-0.7071067811865476,-0.7071067811865475,-0.7071067811865476
338,3,15.08,-0.1542,0.1394,14,0.8458,1.1394,-0.7071067811865475,-0.7071067811865476,-0.7071067811865475,-0.7071067811865476
338,3,15.56,-0.1195,0.1782,15,0.8805000000000001,1.1782,-0.7071067811865475,-0.7071067811865476,-0.7071067811865475,-0.7071067811865476
338,3,16.0,-0.0472,0.1987,16,0.9528,1.1987,-0.7071067811865475,-0.7071067811865476,-0.7071067811865475,-0.7071067811865476
338,3,17.16,0.0794,0.1422,17,1.0794,1.1421999999999999,-0.7071067811865475,-0.7071067811865476,-0.7071067811865475,-0.7071067811865476
338,3,18.8,0.148,0.0731,18,1.148,1.0731,0.7071067811865476,0.7071067811865476,0.7071067811865476,0.7071067811865476
338,3,19.44,0.0912,0.0021,19,1.0912,1.0021,0.7071067811865476,0.7071067811865476,0.7071067811865476,0.7071067811865476
338,3,21.24,-0.1237,-0.1119,20,0.8763,0.8881,0.7071067811865476,0.7071067811865476,0.7071067811865476,0.7071067811865476
338,3,22.68,-0.2172,0.1034,21,0.7827999999999999,1.1034,-0.7071067811865475,-0.7071067811865476,-0.7071067811865475,-0.7071067811865476
338,3,23.24,-0.1627,0.1729,22,0.8372999999999999,1.1729,-0.7071067811865475,-0.7071067811865476,-0.7071067811865475,-0.7071067811865476
338,3,23.76,-0.1205,0.1993,23,0.8795,1.1993,-0.7071067811865475,-0.7071067811865476,-0.7071067811865475,-0.7071067811865476
338,3,24.28,-0.0534,0.195,24,0.9466,1.195,-0.7071067811865475,-0.7071067811865476,-0.7071067811865475,-0.7071067811865476
338,3,25.8,0.0466,0.1904,25,1.0466,1.1904,-0.7071067811865475,-0.7071067811865476,-0.7071067811865475,-0.7071067811865476
338,3,27.28,0.1193,0.1158,26,1.1193,1.1158,0.7071067811865476,0.7071067811865476,0.7071067811865476,0.7071067811865476
338,3,28.36,-0.1232,0.0168,27,0.8768,1.0168,0.7071067811865476,0.7071067811865476,0.7071067811865476,0.7071067811865476
338,3,29.32,-0.1988,-0.0714,28,0.8012,0.9286,-0.7071067811865475,-0.7071067811865476,-0.7071067811865475,-0.7071067811865476
338,3,30.0,-0.1413,-0.1375,29,0.8587,0.8625,-0.7071067811865475,-0.7071067811865476,-0.7071067811865475,-0.7071067811865476
338,3,30.68,-0.0796,-0.195,30,0.9204,0.8049999999999999,-0.7071067811865475,-0.7071067811865476,-0.7071067811865475,-0.7071067811865476
338,3,31.2,-0.0459,-0.2114,31,0.9541,0.7886,-0.7071067811865475,-0.7071067811865476,-0.7071067811865475,-0.7071067811865476
338,3,31.96,-0.0113,-0.2156,32,0.9887,0.7844,-0.7071067811865475,-0.7071067811865476,-0.7071067811865475,-0.7071067811865476
338,3,33.6,0.2031,-0.0572,33,1.2031,0.9428,0.7071067811865476,0.7071067811865476,0.7071067811865476,0.7071067811865476
338,3,34.68,0.1825,0.0227,34,1.1825,1.0227,0.7071067811865476,0.7071067811865476,0.7071067811865476,0.7071067811865476
338,3,36.32,0.1249,0.1679,35,1.1249,1.1679,0.7071067811865476,0.7071067811865476,0.7071067811865476,0.7071067811865476
338,3,37.52,0.0661,0.2144,36,1.0661,1.2144,0.7071067811865476,0.7071067811865476,0.7071067811865476,0.7071067811865476
338,3,38.24,-0.0208,0.2247,37,0.9792,1.2247,0.7071067811865476,0.7071067811865476,0.7071067811865476,0.7071067811865476
338,3,39.08,-0.1383,0.1882,38,0.8617,1.1882,0.7071067811865476,0.7071067811865476,0.7071067811865476,0.7071067811865476
338,3,40.4,-0.2217,0.1241,39,0.7783,1.1241,0.7071067811865476,0.7071067811865476,0.7071067811865476,0.7071067811865476
338,3,40.92,-0.2405,0.0955,40,0.7595000000000001,1.0955,-0.7071067811865475,-0.7071067811865476,-0.7071067811865475,-0.7071067811865476
338,3,42.2,-0.2253,-0.0924,41,0.7746999999999999,0.9076,-0.7071067811865475,-0.7071067811865476,-0.7071067811865475,-0.7071067811865476
338,3,42.8,-0.1736,-0.159,42,0.8264,0.841,-0.7071067811865475,-0.7071067811865476,-0.7071067811865475,-0.7071067811865476
338,3,44.2,-0.0698,-0.2211,43,0.9302,0.7789,-0.7071067811865475,-0.7071067811865476,-0.7071067811865475,-0.7071067811865476
338,3,45.24,0.0892,-0.1678,44,1.0892,0.8322,-0.7071067811865475,-0.7071067811865476,-0.7071067811865475,-0.7071067811865476
338,3,46.08,0.1378,-0.0679,45,1.1378,0.9321,-0.7071067811865475,-0.7071067811865476,-0.7071067811865475,-0.7071067811865476
338,3,47.2,0.185,0.043,46,1.185,1.043,0.7071067811865476,0.7071067811865476,0.7071067811865476,0.7071067811865476
338,3,49.36,0.0195,0.1761,47,1.0195,1.1761,0.7071067811865476,0.7071067811865476,0.7071067811865476,0.7071067811865476
338,3,50.68,-0.0026,0.2164,48,0.9974,1.2164,0.7071067811865476,0.7071067811865476,0.7071067811865476,0.7071067811865476
338,3,51.44,-0.076,0.2077,49,0.924,1.2077,0.7071067811865476,0.7071067811865476,0.7071067811865476,0.7071067811865476
338,3,52.2,-0.167,0.1476,50,0.833,1.1476,0.7071067811865476,0.7071067811865476,0.7071067811865476,0.7071067811865476
338,3,53.12,-0.2422,-0.0352,51,0.7578,0.9648,-0.7071067811865475,-0.7071067811865476,-0.7071067811865475,-0.7071067811865476
338,3,54.2,-0.1151,-0.1883,52,0.8849,0.8117,-0.7071067811865475,-0.7071067811865476,-0.7071067811865475,-0.7071067811865476
338,3,55.04,0.0036,-0.1654,53,1.0036,0.8346,-0.7071067811865475,-0.7071067811865476,-0.7071067811865475,-0.7071067811865476
338,3,56.88,0.1215,-0.0161,54,1.1215,0.9839,-0.7071067811865475,-0.7071067811865476,-0.7071067811865475,-0.7071067811865476
338,3,57.44,0.1244,-0.0103,55,1.1244,0.9897,0.0,0.0,0.0,0.0
338,4,0.76,-0.0683,-0.1003,0,0.9317,0.8996999999999999,-0.7071067811865475,-0.7071067811865476,-0.7071067811865475,-0.7071067811865476
338,4,1.64,-0.0079,-0.0335,1,0.9921,0.9665,0.7071067811865476,0.7071067811865476,0.7071067811865476,0.7071067811865476
338,4,2.68,-0.1729,0.019,2,0.8271,1.019,0.7071067811865476,0.7071067811865476,0.7071067811865476,0.7071067811865476
338,4,3.68,-0.2084,-0.1016,3,0.7916,0.8984,-0.7071067811865475,-0.7071067811865476,-0.7071067811865475,-0.7071067811865476
338,4,5.52,-0.0318,-0.209,4,0.9682,0.791,-0.7071067811865475,-0.7071067811865476,-0.7071067811865475,-0.7071067811865476
338,4,6.36,0.0161,-0.1927,5,1.0161,0.8073,-0.7071067811865475,-0.7071067811865476,-0.7071067811865475,-0.7071067811865476
338,4,6.84,0.0315,-0.1893,6,1.0315,0.8107,-0.7071067811865475,-0.7071067811865476,-0.7071067811865475,-0.7071067811865476
338,4,7.76,0.0434,-0.19,7,1.0434,0.81,-0.7071067811865475,-0.7071067811865476,-0.7071067811865475,-0.7071067811865476
338,4,9.52,0.0569,-0.1983,8,1.0569,0.8017,-0.7071067811865475,-0.7071067811865476,-0.7071067811865475,-0.7071067811865476
338,4,10.24,0.06,-0.1981,9,1.06,0.8019000000000001,-0.7071067811865475,-0.7071067811865476,-0.7071067811865475,-0.7071067811865476
338,4,11.16,0.0699,-0.1993,10,1.0699,0.8007,0.7071067811865476,0.7071067811865476,0.7071067811865476,0.7071067811865476
338,4,11.6,0.0683,-0.204,11,1.0683,0.796,-0.7071067811865475,-0.7071067811865476,-0.7071067811865475,-0.7071067811865476
338,4,11.96,0.0732,-0.2007,12,1.0732,0.7993,0.7071067811865476,0.7071067811865476,0.7071067811865476,0.7071067811865476
338,4,14.04,-0.0857,-0.1971,13,0.9143,0.8029,0.7071067811865476,0.7071067811865476,0.7071067811865476,0.7071067811865476
338,4,15.08,-0.1968,-0.1122,14,0.8032,0.8878,0.7071067811865476,0.7071067811865476,0.7071067811865476,0.7071067811865476
338,4,15.56,-0.2028,-0.0192,15,0.7972,0.9808,-0.7071067811865475,-0.7071067811865476,-0.7071067811865475,-0.7071067811865476
338,4,16.0,-0.1858,0.0624,16,0.8142,1.0624,-0.7071067811865475,-0.7071067811865476,-0.7071067811865475,-0.7071067811865476
338,4,17.16,-0.0848,0.193,17,0.9152,1.193,-0.7071067811865475,-0.7071067811865476,-0.7071067811865475,-0.7071067811865476
338,4,18.8,0.1365,0.1446,18,1.1365,1.1446,0.7071067811865476,0.7071067811865476,0.7071067811865476,0.7071067811865476
338,4,19.44,0.0121,0.0645,19,1.0121,1.0645,0.7071067811865476,0.7071067811865476,0.7071067811865476,0.7071067811865476
338,4,21.24,-0.2078,-0.1286,20,0.7922,0.8714,0.7071067811865476,0.7071067811865476,0.7071067811865476,0.7071067811865476
338,4,22.68,-0.2153,0.038,21,0.7847,1.038,-0.7071067811865475,-0.7071067811865476,-0.7071067811865475,-0.7071067811865476
338,4,23.24,-0.1451,0.108,22,0.8549,1.108,-0.7071067811865475,-0.7071067811865476,-0.7071067811865475,-0.7071067811865476
338,4,23.76,-0.1148,0.12,23,0.8852,1.12,-0.7071067811865475,-0.7071067811865476,-0.7071067811865475,-0.7071067811865476
338,4,24.28,-0.1116,0.1215,24,0.8884,1.1215,0.7071067811865476,0.7071067811865476,0.7071067811865476,0.7071067811865476
338,4,25.8,-0.112,0.1309,25,0.888,1.1309,0.7071067811865476,0.7071067811865476,0.7071067811865476,0.7071067811865476
338,4,27.28,-0.1137,0.2047,26,0.8863,1.2046999999999999,0.7071067811865476,0.7071067811865476,0.7071067811865476,0.7071067811865476
338,4,28.36,-0.1568,0.0393,27,0.8432,1.0393,0.7071067811865476,0.7071067811865476,0.7071067811865476,0.7071067811865476
338,4,29.32,-0.2312,-0.071,28,0.7688,0.929,-0.7071067811865475,-0.7071067811865476,-0.7071067811865475,-0.7071067811865476
338,4,30.0,-0.1519,-0.1709,29,0.8481,0.8291,-0.7071067811865475,-0.7071067811865476,-0.7071067811865475,-0.7071067811865476
338,4,30.68,-0.0963,-0.2231,30,0.9037,0.7769,-0.7071067811865475,-0.7071067811865476,-0.7071067811865475,-0.7071067811865476
338,4,31.2,-0.0837,-0.2349,31,0.9163,0.7651,-0.7071067811865475,-0.7071067811865476,-0.7071067811865475,-0.7071067811865476
338,4,31.96,-0.077,-0.2394,32,0.923,0.7605999999999999,-0.7071067811865475,-0.7071067811865476,-0.7071067811865475,-0.7071067811865476
338,4,33.6,0.175,-0.1228,33,1.175,0.8772,-0.7071067811865475,-0.7071067811865476,-0.7071067811865475,-0.7071067811865476
338,4,34.68,0.2142,-0.0607,34,1.2142,0.9393,0.7071067811865476,0.7071067811865476,0.7071067811865476,0.7071067811865476
338,4,36.32,0.1779,0.133,35,1.1779,1.133,0.7071067811865476,0.7071067811865476,0.7071067811865476,0.7071067811865476
338,4,37.52,0.167,0.1439,36,1.167,1.1439,0.7071067811865476,0.7071067811865476,0.7071067811865476,0.7071067811865476
338,4,38.24,0.1622,0.1476,37,1.1622,1.1476,0.7071067811865476,0.7071067811865476,0.7071067811865476,0.7071067811865476
338,4,39.08,0.0939,0.1754,38,1.0939,1.1754,0.7071067811865476,0.7071067811865476,0.7071067811865476,0.7071067811865476
338,4,40.4,-0.1144,0.2022,39,0.8855999999999999,1.2022,0.7071067811865476,0.7071067811865476,0.7071067811865476,0.7071067811865476
338,4,40.92,-0.2008,0.1422,40,0.7992,1.1421999999999999,-0.7071067811865475,-0.7071067811865476,-0.7071067811865475,-0.7071067811865476
338,4,42.2,-0.1609,-0.1133,41,0.8391,0.8867,-0.7071067811865475,-0.7071067811865476,-0.7071067811865475,-0.7071067811865476
338,4,42.8,-0.0807,-0.1617,42,0.9193,0.8383,-0.7071067811865475,-0.7071067811865476,-0.7071067811865475,-0.7071067811865476
338,4,44.2,0.0577,-0.1556,43,1.0577,0.8444,-0.7071067811865475,-0.7071067811865476,-0.7071067811865475,-0.7071067811865476
338,4,45.24,0.1419,-0.0491,44,1.1419,0.9509,-0.7071067811865475,-0.7071067811865476,-0.7071067811865475,-0.7071067811865476
338,4,46.08,0.1652,0.0954,45,1.1652,1.0954,0.7071067811865476,0.7071067811865476,0.7071067811865476,0.7071067811865476
338,4,47.2,0.0763,0.1989,46,1.0763,1.1989,0.7071067811865476,0.7071067811865476,0.7071067811865476,0.7071067811865476
338,4,49.36,-0.0627,0.1985,47,0.9373,1.1985000000000001,0.7071067811865476,0.7071067811865476,0.7071067811865476,0.7071067811865476
338,4,50.68,-0.1013,0.1935,48,0.8987,1.1935,0.7071067811865476,0.7071067811865476,0.7071067811865476,0.7071067811865476
338,4,51.44,-0.1491,0.167,49,0.8509,1.167,0.7071067811865476,0.7071067811865476,0.7071067811865476,0.7071067811865476
338,4,52.2,-0.2153,0.0969,50,0.7847,1.0969,-0.7071067811865475,-0.7071067811865476,-0.7071067811865475,-0.7071067811865476
338,4,53.12,-0.2048,-0.0928,51,0.7952,0.9072,-0.7071067811865475,-0.7071067811865476,-0.7071067811865475,-0.7071067811865476
338,4,54.2,-0.0183,-0.1852,52,0.9817,0.8148,-0.7071067811865475,-0.7071067811865476,-0.7071067811865475,-0.7071067811865476
338,4,55.04,0.0848,-0.1672,53,1.0848,0.8328,-0.7071067811865475,-0.7071067811865476,-0.7071067811865475,-0.7071067811865476
338,4,56.88,0.1311,-0.0996,54,1.1311,0.9004,-0.7071067811865475,-0.7071067811865476,-0.7071067811865475,-0.7071067811865476
338,4,57.44,0.1443,-0.0976,55,1.1443,0.9024,0.0,0.0,0.0,0.0
338,5,0.76,0.1459,0.1546,0,1.1459,1.1546,0.7071067811865476,0.7071067811865476,0.7071067811865476,0.7071067811865476
338,5,1.64,0.0044,0.1914,1,1.0044,1.1914,0.7071067811865476,0.7071067811865476,0.7071067811865476,0.7071067811865476
338,5,2.68,-0.1604,0.1417,2,0.8396,1.1417,0.7071067811865476,0.7071067811865476,0.7071067811865476,0.7071067811865476
338,5,3.68,-0.2453,-0.0377,3,0.7547,0.9623,-0.7071067811865475,-0.7071067811865476,-0.7071067811865475,-0.7071067811865476
338,5,5.52,-0.0797,-0.2295,4,0.9203,0.7705,-0.7071067811865475,-0.7071067811865476,-0.7071067811865475,-0.7071067811865476
338,5,6.36,0.0432,-0.2174,5,1.0432,0.7826,-0.7071067811865475,-0.7071067811865476,-0.7071067811865475,-0.7071067811865476
338,5,6.84,0.0991,-0.1799,6,1.0991,0.8201,-0.7071067811865475,-0.7071067811865476,-0.7071067811865475,-0.7071067811865476
338,5,7.76,0.1864,-0.0668,7,1.1864,0.9332,0.7071067811865476,0.7071067811865476,0.7071067811865476,0.7071067811865476
338,5,9.52,0.1824,0.0416,8,1.1824,1.0416,0.7071067811865476,0.7071067811865476,0.7071067811865476,0.7071067811865476
338,5,10.24,0.1569,0.085,9,1.1569,1.085,0.7071067811865476,0.7071067811865476,0.7071067811865476,0.7071067811865476
338,5,11.16,0.0816,-0.0868,10,1.0816,0.9132,0.7071067811865476,0.7071067811865476,0.7071067811865476,0.7071067811865476
338,5,11.6,0.0206,-0.174,11,1.0206,0.8260000000000001,0.7071067811865476,0.7071067811865476,0.7071067811865476,0.7071067811865476
338,5,11.96,-0.0222,-0.2165,12,0.9778,0.7835,0.7071067811865476,0.7071067811865476,0.7071067811865476,0.7071067811865476
338,5,14.04,-0.2264,0.1095,13,0.7736000000000001,1.1095,-0.7071067811865475,-0.7071067811865476,-0.7071067811865475,-0.7071067811865476
338,5,15.08,-0.0589,0.1997,14,0.9411,1.1997,-0.7071067811865475,-0.7071067811865476,-0.7071067811865475,-0.7071067811865476
338,5,15.56,-0.0052,0.2219,15,0.9948,1.2219,-0.7071067811865475,-0.7071067811865476,-0.7071067811865475,-0.7071067811865476
338,5,16.0,0.0336,0.2193,16,1.0336,1.2193,-0.7071067811865475,-0.7071067811865476,-0.7071067811865475,-0.7071067811865476
338,5,17.16,0.1382,0.1507,17,1.1381999999999999,1.1507,-0.7071067811865475,-0.7071067811865476,-0.7071067811865475,-0.7071067811865476
338,5,18.8,0.1824,0.0483,18,1.1824,1.0483,0.7071067811865476,0.7071067811865476,0.7071067811865476,0.7071067811865476
338,5,19.44,0.1291,-0.0237,19,1.1291,0.9763,0.7071067811865476,0.7071067811865476,0.7071067811865476,0.7071067811865476
338,5,21.24,-0.1819,-0.1697,20,0.8181,0.8303,0.7071067811865476,0.7071067811865476,0.7071067811865476,0.7071067811865476
338,5,22.68,-0.246,0.0334,21,0.754,1.0334,-0.7071067811865475,-0.7071067811865476,-0.7071067811865475,-0.7071067811865476
338,5,23.24,-0.2203,0.1097,22,0.7797000000000001,1.1097,-0.7071067811865475,-0.7071067811865476,-0.7071067811865475,-0.7071067811865476
338,5,23.76,-0.1595,0.1947,23,0.8405,1.1947,-0.7071067811865475,-0.7071067811865476,-0.7071067811865475,-0.7071067811865476
338,5,24.28,-0.1072,0.2106,24,0.8928,1.2106,-0.7071067811865475,-0.7071067811865476,-0.7071067811865475,-0.7071067811865476
338,5,25.8,-0.0665,0.2102,25,0.9335,1.2102,-0.7071067811865475,-0.7071067811865476,-0.7071067811865475,-0.7071067811865476
338,5,27.28,0.0143,0.212,26,1.0143,1.212,0.7071067811865476,0.7071067811865476,0.7071067811865476,0.7071067811865476
338,5,28.36,-0.0852,0.127,27,0.9148000000000001,1.127,0.7071067811865476,0.7071067811865476,0.7071067811865476,0.7071067811865476
338,5,29.32,-0.2143,0.0276,28,0.7857000000000001,1.0276,-0.7071067811865475,-0.7071067811865476,-0.7071067811865475,-0.7071067811865476
338,5,30.0,-0.1991,-0.1522,29,0.8009,0.8478,-0.7071067811865475,-0.7071067811865476,-0.7071067811865475,-0.7071067811865476
338,5,30.68,-0.1187,-0.2051,30,0.8813,0.7948999999999999,-0.7071067811865475,-0.7071067811865476,-0.7071067811865475,-0.7071067811865476
338,5,31.2,-0.1034,-0.2039,31,0.8966,0.7961,-0.7071067811865475,-0.7071067811865476,-0.7071067811865475,-0.7071067811865476
338,5,31.96,-0.0996,-0.2036,32,0.9004,0.7964,-0.7071067811865475,-0.7071067811865476,-0.7071067811865475,-0.7071067811865476
338,5,33.6,-0.0611,-0.2115,33,0.9389,0.7885,-0.7071067811865475,-0.7071067811865476,-0.7071067811865475,-0.7071067811865476
338,5,34.68,0.1487,-0.1061,34,1.1487,0.8939,0.7071067811865476,0.7071067811865476,0.7071067811865476,0.7071067811865476
338,5,36.32,0.0158,0.1658,35,1.0158,1.1658,0.7071067811865476,0.7071067811865476,0.7071067811865476,0.7071067811865476
338,5,37.52,-0.0475,0.2026,36,0.9525,1.2026,0.7071067811865476,0.7071067811865476,0.7071067811865476,0.7071067811865476
338,5,38.24,-0.059,0.2012,37,0.9410000000000001,1.2012,0.7071067811865476,0.7071067811865476,0.7071067811865476,0.7071067811865476
338,5,39.08,-0.1584,0.1545,38,0.8416,1.1545,0.7071067811865476,0.7071067811865476,0.7071067811865476,0.7071067811865476
338,5,40.4,-0.2306,0.0555,39,0.7694,1.0555,-0.7071067811865475,-0.7071067811865476,-0.7071067811865475,-0.7071067811865476
338,5,40.92,-0.2295,0.0272,40,0.7705,1.0272,-0.7071067811865475,-0.7071067811865476,-0.7071067811865475,-0.7071067811865476
338,5,42.2,-0.1197,-0.1806,41,0.8803,0.8194,-0.7071067811865475,-0.7071067811865476,-0.7071067811865475,-0.7071067811865476
338,5,42.8,-0.0341,-0.2041,42,0.9659,0.7959,-0.7071067811865475,-0.7071067811865476,-0.7071067811865475,-0.7071067811865476
338,5,44.2,0.1039,-0.1429,43,1.1039,0.8571,-0.7071067811865475,-0.7071067811865476,-0.7071067811865475,-0.7071067811865476
338,5,45.24,0.2058,0.0016,44,1.2058,1.0016,0.7071067811865476,0.7071067811865476,0.7071067811865476,0.7071067811865476
338,5,46.08,0.1989,0.0427,45,1.1989,1.0427,0.7071067811865476,0.7071067811865476,0.7071067811865476,0.7071067811865476
338,5,47.2,0.1148,0.1666,46,1.1148,1.1666,0.7071067811865476,0.7071067811865476,0.7071067811865476,0.7071067811865476
338,5,49.36,-0.0235,0.2407,47,0.9765,1.2407,0.7071067811865476,0.7071067811865476,0.7071067811865476,0.7071067811865476
338,5,50.68,-0.0348,0.238,48,0.9652000000000001,1.238,0.7071067811865476,0.7071067811865476,0.7071067811865476,0.7071067811865476
338,5,51.44,-0.1251,0.201,49,0.8749,1.201,0.7071067811865476,0.7071067811865476,0.7071067811865476,0.7071067811865476
338,5,52.2,-0.2172,0.1149,50,0.7827999999999999,1.1149,0.7071067811865476,0.7071067811865476,0.7071067811865476,0.7071067811865476
338,5,53.12,-0.2632,-0.0277,51,0.7368,0.9723,-0.7071067811865475,-0.7071067811865476,-0.7071067811865475,-0.7071067811865476
338,5,54.2,-0.1195,-0.215,52,0.8805000000000001,0.785,-0.7071067811865475,-0.7071067811865476,-0.7071067811865475,-0.7071067811865476
338,5,55.04,0.0525,-0.2151,53,1.0525,0.7848999999999999,-0.7071067811865475,-0.7071067811865476,-0.7071067811865475,-0.7071067811865476
338,5,56.88,0.184,-0.0255,54,1.184,0.9745,-0.7071067811865475,-0.7071067811865476,-0.7071067811865475,-0.7071067811865476
338,5,57.44,0.1868,-0.0218,55,1.1868,0.9782,0.0,0.0,0.0,0.0
